번호,제목,링크
1,[단독] 괌 원정출산 산모 사망‥리조트에 20시간 방치,https://n.news.naver.com/article/214/0001386396?ntype=RANKING
2,"""김영선 아작낸다""‥안하무인 뒤에는 대통령 부부",https://n.news.naver.com/article/214/0001386384?ntype=RANKING
3,"[단독] 거세진 윤 대통령 골프 논란‥""8월 말부터 5차례 태릉 왔다""",https://n.news.naver.com/article/214/0001386386?ntype=RANKING
4,"전국으로 번지는 대학가 '시국선언'‥""대통령 즉각 퇴진하라""",https://n.news.naver.com/article/214/0001386393?ntype=RANKING
5,"""군무원 살해·시신 훼손 군 장교는 38살 양광준‥계획적인 '교제 살인' 정황""",https://n.news.naver.com/article/214/0001386402?ntype=RANKING
6,“사후피임약 일단 쟁여”…정관수술 예약 1200% 폭증한 미국,https://n.news.naver.com/article/028/0002716012?ntype=RANKING
7,전국서 “윤 퇴진” 교수 시국선언 둑 터졌다…주말 광화문 시민행진도,https://n.news.naver.com/article/028/0002716011?ntype=RANKING
8,전쟁 끝낸다던 트럼프…안보 수장엔 ‘군 개입 선호’ 강경 매파로,https://n.news.naver.com/article/028/0002716039?ntype=RANKING
9,"“명태균, 윤·김건희 내세워 공천 미끼…8명에 최대 3천만원씩 받아”",https://n.news.naver.com/article/028/0002716061?ntype=RANKING
10,글로벌 증시 덮친 ‘트럼프 리스크’…한국 타격 왜 가장 컸나,https://n.news.naver.com/article/028/0002716086?ntype=RANKING
11,뉴진스 “시정요구 미수용 시 전속계약 해지”…소속사에 내용증명 발송,https://n.news.naver.com/article/056/0011837235?ntype=RANKING
12,‘동료 살해 시신 유기’ 현역 장교 38살 양광준 신상 공개,https://n.news.naver.com/article/056/0011837419?ntype=RANKING
13,코스피 ‘끝없는 하락’ 2410대…‘5만 전자’도 위태,https://n.news.naver.com/article/056/0011837405?ntype=RANKING
14,[단독] 경찰학교 교수 ‘성범죄 의혹’…“관사로 지적장애 여성 불러”,https://n.news.naver.com/article/056/0011837442?ntype=RANKING
15,"[단독] 실종된 장애 여성, 중앙경찰학교 관사서 발견…교수 직위해제",https://n.news.naver.com/article/056/0011837237?ntype=RANKING
16,"얼마나 힘들었을까…송재림 괴롭히던 일본인, 비보 소식 나오자 한 행동",https://n.news.naver.com/article/009/0005396165?ntype=RANKING
17,"충돌 순간 인생 끝난줄 알았는데…12억 롤스로이스女, 뜻밖의 한마디",https://n.news.naver.com/article/009/0005396205?ntype=RANKING
18,"[단독] “우리 딸이 자꾸 뭘 거래하러 가요”…짠물 소비 시대, 여기서만 돈 쓴다는데",https://n.news.naver.com/article/009/0005396156?ntype=RANKING
19,“1800억 베팅하고 80조 벌다니”…트럼프 옆 이 남자의 어마어마한 수익률,https://n.news.naver.com/article/009/0005395951?ntype=RANKING
20,"“선물이 엄청나네”…‘성폭행 무혐의’ 처분 허웅, SNS에 올린 영상 보니",https://n.news.naver.com/article/009/0005396211?ntype=RANKING
21,"故 송재림 괴롭힌 악질 日 사생팬, ""가족·지인까지 조롱""",https://n.news.naver.com/article/018/0005885017?ntype=RANKING
22,"“10m 끌려가” 만취한 대학생, 새벽 출근하던 30대男 치고 도망…검찰 송치",https://n.news.naver.com/article/018/0005885047?ntype=RANKING
23,"""강간과 같아""...초등생에 '사랑한다' 성관계 여교사의 최후 [그해 오늘]",https://n.news.naver.com/article/018/0005885057?ntype=RANKING
24,"""딱 봐도 어린아이"" 격투기선수 휴대폰에서 쏟아진 성착취 영상",https://n.news.naver.com/article/018/0005885051?ntype=RANKING
25,"만취 30대, 택시 기사 귀 깨물고 무차별 폭행…피해자 “택시 팔 것”",https://n.news.naver.com/article/018/0005885048?ntype=RANKING
26,"""송재림 사망 직전까지 괴롭혀""…신상 털고 협박한 日 사생팬",https://n.news.naver.com/article/015/0005056690?ntype=RANKING
27,"""코로나는 양반이었다""…'최악의 위기' 맞은 황학동 주방거리 [현장+]",https://n.news.naver.com/article/015/0005056847?ntype=RANKING
28,"""남자 좋으면 알탕집이나 차려""…동덕여대 4학년 취업 어쩌나",https://n.news.naver.com/article/015/0005056755?ntype=RANKING
29,"""여보, 車 바꿔야겠네""…2000만원대 SUV 드디어 내놓는다",https://n.news.naver.com/article/015/0005056824?ntype=RANKING
30,입소문에 외국인들까지…2000명 오픈런 '진풍경' 펼쳐진 곳 [현장+],https://n.news.naver.com/article/015/0005056856?ntype=RANKING
31,"[날씨] '핫팩 대신 우산'…포근한 수능일, 밤부터 전국에 비",https://n.news.naver.com/article/001/0015044026?ntype=RANKING
32,"""멋진 웃음 다시 볼 수 없다니""…송재림 사망에 추모 이어져",https://n.news.naver.com/article/001/0015041751?ntype=RANKING
33,"뉴진스 '민희진 대표 복귀' 요구 내용증명…""미수용시 계약해지""(종합)",https://n.news.naver.com/article/001/0015043873?ntype=RANKING
34,미국 이어 한국도 '북한군 전투참여' 공식화…정부대응 주목(종합2보),https://n.news.naver.com/article/001/0015044057?ntype=RANKING
35,"[1보] 비트코인, 연일 신기록…사상 처음 9만 1천 달러 돌파",https://n.news.naver.com/article/001/0015044267?ntype=RANKING
36,"안락사 직전 강아지 구한 30대, 이웃 7명에게도 새 생명 줬다",https://n.news.naver.com/article/469/0000833133?ntype=RANKING
37,"김호중에 실형 선고한 판사 ""일말의 죄책감 가졌는지 의문"" 질타",https://n.news.naver.com/article/469/0000833009?ntype=RANKING
38,"뉴진스, 하이브와 결별하나?...""시정요구 미수용 시 전속계약 해지"" 내용증명 보내",https://n.news.naver.com/article/469/0000833139?ntype=RANKING
39,"트럼프 2기 정부효율부 수장 된 머스크, 연준 없애고 미국 관료 사회 흔드나",https://n.news.naver.com/article/469/0000833124?ntype=RANKING
40,전공의 입김에 의협 비대위원장 박형욱 선출… 돌아온 임현택 '복수혈전' 예고,https://n.news.naver.com/article/469/0000833146?ntype=RANKING
41,"8년 전 ""박근혜 퇴진"" 외쳤던 서울대 교수 ""윤석열 훨씬 심각""",https://n.news.naver.com/article/047/0002452247?ntype=RANKING
42,"진짜? 장예찬 ""한동훈 가족 동일 명의 게시글 총 756개""",https://n.news.naver.com/article/047/0002452229?ntype=RANKING
43,"제주에서도 대학교수들 시국 선언 ""이대로는 탄핵 직면""",https://n.news.naver.com/article/047/0002452283?ntype=RANKING
44,"윤석열 퇴진 대자보에 ""도장, 규정"" 끝까지 강조한 경남대 직원",https://n.news.naver.com/article/047/0002452290?ntype=RANKING
45,수험생들이 가슴에 새겼으면 하는 세 글자,https://n.news.naver.com/article/047/0002452298?ntype=RANKING
46,옥수수 과자서 곰팡이 독소 검출…회수조치,https://n.news.naver.com/article/374/0000410634?ntype=RANKING
47,"10만 전자? 4만 전자 보인다…삼성전자, 4년5개월만에 최저",https://n.news.naver.com/article/374/0000410528?ntype=RANKING
48,"[단독] '금값이 금값'에…케이뱅크, 은행권 첫 금 현물계좌 서비스",https://n.news.naver.com/article/374/0000410547?ntype=RANKING
49,"'마이다스의 손' 돌아왔나…'손정의' 소프트뱅크, 3년만에 흑자",https://n.news.naver.com/article/374/0000410462?ntype=RANKING
50,"틱톡 '트럼프가 희망이다'…트럼프""틱톡 없어지면 페이스북 커져""",https://n.news.naver.com/article/374/0000410610?ntype=RANKING
51,내연녀 살인하고 시신 훼손한 육군 장교는 38살 양광준,https://n.news.naver.com/article/422/0000692344?ntype=RANKING
52,음식 배달기사들이 고의 교통사고 내고 보험금 챙겨…183명 송치,https://n.news.naver.com/article/422/0000692385?ntype=RANKING
53,분양가 상승에 소형 아파트 인기…내년엔 더 귀해진다,https://n.news.naver.com/article/422/0000692408?ntype=RANKING
54,'연인 폭행' 황철순 2심서 징역 9개월로 감형,https://n.news.naver.com/article/422/0000692397?ntype=RANKING
55,"고심 끝에 이재명 1심 생중계 불허…""법익 종합적 고려""",https://n.news.naver.com/article/422/0000692376?ntype=RANKING
56,1·2심 모두 승소... '윤석열 대통령실 직원 명단' 최초 공개 임박,https://n.news.naver.com/article/607/0000002256?ntype=RANKING
57,"‘학살’에 무기 수출하는 ‘거짓말 정부’... 한국, 이스라엘 무기 수출 8위",https://n.news.naver.com/article/607/0000002255?ntype=RANKING
58,"한국 도청 문건 유출범 '징역 15년' 선고, 도청 아니란 주장 설 곳 잃었다",https://n.news.naver.com/article/607/0000002254?ntype=RANKING
59,윤석열 정부에서 알권리가 위험하다,https://n.news.naver.com/article/607/0000002253?ntype=RANKING
60,"""미안하고 또 미안해""…송재림 비보에 침통한 연예계",https://n.news.naver.com/article/079/0003958387?ntype=RANKING
61,"""문이 안 열려""…불붙은 테슬라 탑승자 4명 사망",https://n.news.naver.com/article/079/0003958584?ntype=RANKING
62,"삼성 ""가전·폰, 사셨어요? 오늘 바로 보내드릴게요""",https://n.news.naver.com/article/079/0003958257?ntype=RANKING
63,"댓글로 알려진 배우 수지 '미담' 화제…""평생 잊지 않겠습니다""",https://n.news.naver.com/article/079/0003958577?ntype=RANKING
64,"野5당 41명, 尹 탄핵연대 공식 출범…""200명 모을 것""",https://n.news.naver.com/article/079/0003958501?ntype=RANKING
65,[단독] 188명 태운 채 2시간 엔진 수리…또 지연된 항공기,https://n.news.naver.com/article/055/0001206015?ntype=RANKING
66,"상가 썰렁, 재고 쌓인다…내수 한파에 ""직원 없이 일한다""",https://n.news.naver.com/article/055/0001206005?ntype=RANKING
67,[단독] '나에게 보내기'한 '대통령과 대화' 2분 파일 어디로?,https://n.news.naver.com/article/055/0001206000?ntype=RANKING
68,"[단독] ""핵잠수함 등 530여 건 촬영…중 공안 연락처 저장""",https://n.news.naver.com/article/055/0001206010?ntype=RANKING
69,"""개전 이래 최다 전사""…미, '북한 병사 참전' 확인",https://n.news.naver.com/article/055/0001206024?ntype=RANKING
70,"[단독] 대형로펌 해킹협박 30대, 알고보니 베스트셀러 작가",https://n.news.naver.com/article/005/0001738528?ntype=RANKING
71,“기숙사 불났는데 안면인식 해야 탈출”…中서 ‘누구 위한 보안?’ 논란,https://n.news.naver.com/article/005/0001738444?ntype=RANKING
72,"‘걔 코인해서 집 샀대, 난 뭐했지?’… 국장 투자자들 눈물",https://n.news.naver.com/article/005/0001738521?ntype=RANKING
73,"‘5만전자도 붕괴 직전’ 추우~~락하는 K-증시, 기대도 없다",https://n.news.naver.com/article/005/0001738523?ntype=RANKING
74,“패도 돼?” 주짓수 선수가 여대 학생회에 단 댓글… 결국 사과,https://n.news.naver.com/article/005/0001738493?ntype=RANKING
75,"""차 문 안 열려서..."" 불타는 테슬라 갇힌 4명 사망 '발칵'",https://n.news.naver.com/article/052/0002113255?ntype=RANKING
76,"문다혜, 제주 단독주택 '불법 숙박업' 인정...곧 검찰 송치",https://n.news.naver.com/article/052/0002113269?ntype=RANKING
77,등산로의 수상한 윷놀이...잡고 보니 판돈 수백 도박판,https://n.news.naver.com/article/052/0002113345?ntype=RANKING
78,"[자막뉴스] 드디어 북한에 관심 보이는 트럼프? ""김정은이 원하는 건...""",https://n.news.naver.com/article/052/0002113172?ntype=RANKING
79,"'음주 뺑소니' 김호중 1심에서 징역 2년 6개월...""죄책감 가졌나 의문""",https://n.news.naver.com/article/052/0002113259?ntype=RANKING
80,"“이건 쇼크다” 쏟아지는 뭇매에 망할 줄 알았는데…7000만명, 결국 터졌다",https://n.news.naver.com/article/016/0002388049?ntype=RANKING
81,"“카톡 친구 1500명, 연락 끊긴지 오래” 민망했는데…국민메신저 ‘희소식’",https://n.news.naver.com/article/016/0002388035?ntype=RANKING
82,"[속보] 비트코인, 연일 신기록…9만1000달러 돌파",https://n.news.naver.com/article/016/0002388078?ntype=RANKING
83,"20대에 강간, 30대에도 강간, 40대에 또 강간…40대男의 최후",https://n.news.naver.com/article/016/0002388072?ntype=RANKING
84,"英 보리스 존슨 전 총리 ""트럼프가 우크라 지원 줄이면 영국이 군대 보낼 수 있다""",https://n.news.naver.com/article/016/0002387955?ntype=RANKING
85,"""언니들 이럴려고 돈 벌었다""…동덕여대 '졸업장 반납' 무슨일",https://n.news.naver.com/article/025/0003400318?ntype=RANKING
86,"故송재림, 日사생팬 괴롭힘 당했나…“지인 사진 올리며 비방”",https://n.news.naver.com/article/025/0003400334?ntype=RANKING
87,“똥파리 알 까도 바라만 봤다” 침대에서 5년 산 청년 사연,https://n.news.naver.com/article/025/0003400340?ntype=RANKING
88,"티아라 출신 아름 ""낙태했다고?""…셋째 출산·넷째 임신 발표",https://n.news.naver.com/article/025/0003400322?ntype=RANKING
89,"""노벨상으로 하나님 구원 더 멀어져""…한강 '목사 삼촌' 편지",https://n.news.naver.com/article/025/0003400354?ntype=RANKING
90,"“물병에 소변보고 스태프에게 치우라고…” 드웨인 존슨, 갑질 논란에 한 말",https://n.news.naver.com/article/023/0003870127?ntype=RANKING
91,"‘김가네’ 김용만 회장, 취한 여직원 성폭행 시도 혐의로 입건",https://n.news.naver.com/article/023/0003870152?ntype=RANKING
92,뉴진스 멤버들 “2주일내 민희진 대표 복귀 안되면 전속계약 해지”,https://n.news.naver.com/article/023/0003870150?ntype=RANKING
93,"한동훈, 野주말집회 예고에 ""기어이 하려거든 대입 시험 끝나고 하라""",https://n.news.naver.com/article/023/0003870066?ntype=RANKING
94,"멜라니아 “스물네살 차이에 꽃뱀 소리 들었지만, 트럼프 만난 이유는…”",https://n.news.naver.com/article/023/0003870178?ntype=RANKING
95,"트럼프, 美국방장관에 폭스앵커…해외미군 철수 지지·김정은 옹호도",https://n.news.naver.com/article/586/0000090657?ntype=RANKING
96,"""김영선이 좀 해줘라"" 맞춰지는 '공천 개입' 의혹 퍼즐…'김건희 특검' 길 열리나",https://n.news.naver.com/article/586/0000090665?ntype=RANKING
97,"'尹-明 통화 원인'은 이준석?…총구 돌린 명태균, 검찰 조사 확대하나",https://n.news.naver.com/article/586/0000090693?ntype=RANKING
98,"""김건희에 돈 받았다""는 명태균…'공천개입 의혹', 뇌물 스캔들로 확대되나",https://n.news.naver.com/article/586/0000090683?ntype=RANKING
99,"문다혜, 제주 불법 숙박 영업 혐의 인정…이번주 불구속 송치",https://n.news.naver.com/article/586/0000090685?ntype=RANKING
100,"한강의 목사 삼촌 ""조카 소설, 타락의 극치""…공개 편지",https://n.news.naver.com/article/008/0005114072?ntype=RANKING
101,고 송재림 괴롭힌 '악질 사생팬' 있었다…측근 사진 공개·비방,https://n.news.naver.com/article/008/0005113955?ntype=RANKING
102,"쫓겨난 의협회장, SNS 폭로전 예고…""구역질 나"" 막말도",https://n.news.naver.com/article/008/0005113878?ntype=RANKING
103,"""아내가 주식으로 4억 날려""…용돈까지 싹 다 보낸 남편 '이혼 고민'",https://n.news.naver.com/article/008/0005113895?ntype=RANKING
104,"뉴진스 ""전속계약 해지할 수도""…어도어에 내용증명 보냈다",https://n.news.naver.com/article/008/0005114044?ntype=RANKING
105,통영 섬마을 파출소 근무자 예리한 ‘촉’…대형 참사 막았다,https://n.news.naver.com/article/082/0001297489?ntype=RANKING
106,뒤집혀 가라앉는 배 위에서 선원들 애타게 구조 기다렸다 (영상),https://n.news.naver.com/article/082/0001297593?ntype=RANKING
107,부산서 자취 감췄던 중대 평형 아파트 똘똘한 한 채 매력 업고 인기 되찾는다,https://n.news.naver.com/article/082/0001297600?ntype=RANKING
108,"[속보] ""비트코인 사상 첫 9만1000달러 돌파""…연일 신기록",https://n.news.naver.com/article/082/0001297628?ntype=RANKING
109,“수험생·가족 여러분 고생 많았습니다”,https://n.news.naver.com/article/082/0001297605?ntype=RANKING
110,"'내연 관계' 여성 군무원 살해한 軍 장교, 38살 양광준",https://n.news.naver.com/article/660/0000072806?ntype=RANKING
111,"정춘생 ""박근혜를 파면한다, 그 짜릿함 다시 한번..尹 탄핵안, 광화문 공개선포 임박""[여의도초대석]",https://n.news.naver.com/article/660/0000072827?ntype=RANKING
112,"'5살 매트 사망' 태권도장 CCTV 복원하니..""140차례 학대""",https://n.news.naver.com/article/660/0000072787?ntype=RANKING
113,"文 전 대통령 딸 다혜 씨, 제주 단독주택 불법숙박업 인정",https://n.news.naver.com/article/660/0000072816?ntype=RANKING
114,"'세계 최대' 용인 반도체 클러스터, 송전망 구축 해결되나",https://n.news.naver.com/article/660/0000072847?ntype=RANKING
115,"[단독] ""미래한국연, 이준석에 '여론조사'…출연료 3000만 원 대신 받아""",https://n.news.naver.com/article/448/0000488895?ntype=RANKING
116,"[단독] 국세청, 김혜경 비서 '80억 부동산 의혹' 내사 착수…자금 출처도 조사할 듯",https://n.news.naver.com/article/448/0000488901?ntype=RANKING
117,"""필리핀서 마약"" 방송인 김나정 미스터리…국민신문고에 고발장",https://n.news.naver.com/article/448/0000488904?ntype=RANKING
118,"""당구 치고 술 마신 건 노조활동""…업무 안하고 12억 받은 서교공 직원들",https://n.news.naver.com/article/448/0000488908?ntype=RANKING
119,"[단독] 명태균, 檢 포렌식 참관할 때 ""'코바나 돈봉투 사진' 있다"" 친분 과시",https://n.news.naver.com/article/448/0000488898?ntype=RANKING
120,정체 숨기고 ‘지각’ 수험생 데려다준 故송재림…팬들 ‘눈시울’,https://n.news.naver.com/article/081/0003494792?ntype=RANKING
121,“스몰웨딩 아닌데”…하객 5명 참석한 ‘결혼식 참사’ 부부 “삶 돌아봐”,https://n.news.naver.com/article/081/0003495066?ntype=RANKING
122,‘암 유발’ 곰팡이 독소가 옥수수과자에…“이 제품 즉시 반품하세요”,https://n.news.naver.com/article/081/0003495048?ntype=RANKING
123,30대 지적장애 여성 “경찰관에 성폭행 당해”…중앙경찰학교 교수 입건,https://n.news.naver.com/article/081/0003495062?ntype=RANKING
124,"“패도 돼?”…주짓수 선수, ‘남녀공학 반대’ 여대 글에 ‘섬뜩’ 댓글",https://n.news.naver.com/article/081/0003495061?ntype=RANKING
125,"""故 송재림, 일본인 사생팬에 사망 직전까지 괴롭힘 당해""",https://n.news.naver.com/article/277/0005499935?ntype=RANKING
126,"""월급 다 갖다주며 평생 모은 4억…주식으로 다 날린 아내""",https://n.news.naver.com/article/277/0005499889?ntype=RANKING
127,'이렇게 많은 돈이' 5만원권 '빽빽'…62만 유튜버에 3000억 뜯겼다,https://n.news.naver.com/article/277/0005499686?ntype=RANKING
128,복귀 각 잡은 '음주운전' 김새론…'어 제약사 대표?' 제작·출연 맡은 이 사람,https://n.news.naver.com/article/277/0005499926?ntype=RANKING
129,"""수능 도시락 못 먹었어요""…따뜻한 밥 먹으려다 '낭패' 본 사연",https://n.news.naver.com/article/277/0005499444?ntype=RANKING
130,아프고 계속 커지는 켈로이드 흉터··· 구멍내고 얼리면 더 빨리 치료된다,https://n.news.naver.com/article/032/0003332242?ntype=RANKING
131,“그는 사실상 대통령이 아니다” 1인 시국선언한 장학사…교육청은 “법률 위반 검토”,https://n.news.naver.com/article/032/0003332304?ntype=RANKING
132,"에이스 고영표 ‘피홈런 두 방’…한국 대표팀, 첫 경기 대만에 완패",https://n.news.naver.com/article/032/0003332409?ntype=RANKING
133,“집주인인데 문 좀···” 원룸 침입해 성폭행 시도한 20대 구속,https://n.news.naver.com/article/032/0003332373?ntype=RANKING
134,“배가 너무 고파서…” 빈집 들어가 김치 훔친 노숙자,https://n.news.naver.com/article/032/0003332406?ntype=RANKING
135,"[단독] 함성득 ""윤 대통령 부부 지시로 인사 검증…명태균 면접도 봤다""",https://n.news.naver.com/article/437/0000418202?ntype=RANKING
136,"""나가시라고요"" ""당신이 뭔데""…동덕여대 학생-교수 몸싸움까지",https://n.news.naver.com/article/437/0000418211?ntype=RANKING
137,"[단독] ""딱 봐도 미성년자다""…성매수범 휴대폰서 쏟아진 불법촬영 영상",https://n.news.naver.com/article/437/0000418215?ntype=RANKING
138,"박단 ""당선 축하, 이제 시작""...박형욱 ""소외된 전공의 견해 반영할 것""",https://n.news.naver.com/article/437/0000418230?ntype=RANKING
139,여사에게 받았다는 '금일봉' 500만원…'여론조사 대가성' 의구심,https://n.news.naver.com/article/437/0000418200?ntype=RANKING
140,“8분 일찍 왔으니 8분 먼저 퇴근한다는 MZ직원…제가 꼰대인가요?”[e글e글],https://n.news.naver.com/article/020/0003597871?ntype=RANKING
141,"장인·장모 앞에서 난투극 벌인 사위들, 나란히 벌금형",https://n.news.naver.com/article/020/0003597906?ntype=RANKING
142,[사설]尹 골프를 “외교 준비”로 포장한 용산… 스스로 민망하지 않나,https://n.news.naver.com/article/020/0003597976?ntype=RANKING
143,與게시판에 ‘한동훈-가족’ 명의 尹비방글…친윤-친한 갈등 재점화,https://n.news.naver.com/article/020/0003597960?ntype=RANKING
144,[사설]트럼프發 ‘신3高’ 덮치는데… 긴장감 안 보이는 정부가 더 불안,https://n.news.naver.com/article/020/0003597977?ntype=RANKING
145,"""집 팔아서라도 코인""…62만 유튜버 역대급 사기",https://n.news.naver.com/article/215/0001187633?ntype=RANKING
146,아파트 한 채 200억 하더니…35% 폭락,https://n.news.naver.com/article/215/0001187612?ntype=RANKING
147,"""앞으로 일주일 남았다""…글로벌 증시 바짝 '긴장'",https://n.news.naver.com/article/215/0001187604?ntype=RANKING
148,외국인 패닉셀 쏟아졌다…'4만전자' 절벽 눈앞,https://n.news.naver.com/article/215/0001187684?ntype=RANKING
149,"""글로벌 반도체회사가 사라졌다""…시장 '패닉'",https://n.news.naver.com/article/215/0001187652?ntype=RANKING
150,개미도 이젠 돈 떨어졌다… 삼성전자 오늘은 개인도 순매도 전환,https://n.news.naver.com/article/366/0001031710?ntype=RANKING
151,"비트코인, 연일 최고가 행진…9만3000달러 돌파",https://n.news.naver.com/article/366/0001031923?ntype=RANKING
152,"‘김가네’ 김용만 회장, 여직원 유사강간 혐의로 입건",https://n.news.naver.com/article/366/0001031908?ntype=RANKING
153,"오징어게임2 감독, 대마초 전과 빅뱅 탑 캐스팅 “논란될 줄 몰랐다”",https://n.news.naver.com/article/366/0001031782?ntype=RANKING
154,“문이 안 열려”… 불타는 테슬라에 갇혀 4명 사망,https://n.news.naver.com/article/366/0001031879?ntype=RANKING
155,"""부모 앞서 갈 순 없지 않나""…송재림 생전 인터뷰 재조명",https://n.news.naver.com/article/003/0012901468?ntype=RANKING
156,'가슴 찢어질 텐데'…태권도장 비극 母 영상 공개한 이유,https://n.news.naver.com/article/003/0012900147?ntype=RANKING
157,"노출신 신경 쓰여서…송승헌, 3주간 '이것'만 먹고 버텨",https://n.news.naver.com/article/003/0012900119?ntype=RANKING
158,21살 직원과 바람난 남편…빈털터리로 20년만에 나타나 한 말이,https://n.news.naver.com/article/003/0012899582?ntype=RANKING
159,3년 노력해도 불임…알고 보니 내 남편이 여성?,https://n.news.naver.com/article/003/0012901994?ntype=RANKING
160,"""여자친구가 자해했다""…연인 살해 혐의 부인 20대 한 달 만에 체포",https://n.news.naver.com/article/087/0001079086?ntype=RANKING
161,만취 운전으로 새벽 일터 향하던 30대 치어 숨지게 한 20대 대학생 검찰 송치,https://n.news.naver.com/article/087/0001079185?ntype=RANKING
162,"반기문 ""대한민국 자체 핵무장은 결코 선택지가 될 수 없어""",https://n.news.naver.com/article/087/0001079200?ntype=RANKING
163,화천 북한강에 훼손 시신 유기한 군 장교는 38세 양광준…군인 신분 피의자 첫 공개 사례,https://n.news.naver.com/article/087/0001079009?ntype=RANKING
164,"5,000만 원 보이스피싱 막은 은행원의 촉…춘천경찰 감사장 수여",https://n.news.naver.com/article/087/0001079249?ntype=RANKING
165,"한강 작가 목사 삼촌의 편지…""노벨상 조카, 구원에서 멀어질까 걱정""",https://n.news.naver.com/article/421/0007905459?ntype=RANKING
166,"""90명 단체 노쇼, 피해액 300만 원…'모르쇠'하더니 번호 차단"" 분통",https://n.news.naver.com/article/421/0007905243?ntype=RANKING
167,"30대 지적장애 여성 ""경찰관에게 성폭행 당했다"" 주장…경찰 수사",https://n.news.naver.com/article/421/0007905554?ntype=RANKING
168,외국인 '패닉셀링'에 코스피·코스닥 추락…12일보다 2배 넘게 팔았다,https://n.news.naver.com/article/421/0007905352?ntype=RANKING
169,같이 술 마시던 20대 여성 '집단 성폭행' 남성 3명 구속,https://n.news.naver.com/article/421/0007905391?ntype=RANKING
170,"""남녀공학 괜찮다고 했더니 '남자에 미친X' 취급 당했습니다""",https://n.news.naver.com/article/119/0002892358?ntype=RANKING
171,"주진우 ""이재명, 침묵으로 생중계 반대 동조""…민주당 ""허위사실, 사과해야""",https://n.news.naver.com/article/119/0002892389?ntype=RANKING
172,"""70분간 거침 없었다""…용산 참모가 본 윤 대통령 외신 인터뷰 현장",https://n.news.naver.com/article/119/0002892446?ntype=RANKING
173,"""고통 잘 견딘다면, 당신은 사이코패스일 확률이 높습니다""",https://n.news.naver.com/article/119/0002892443?ntype=RANKING
174,"""시체꽃 보러 가자"" 10년 만에 개화하자 수천명 인파 몰렸다",https://n.news.naver.com/article/119/0002892436?ntype=RANKING
175,"""경찰관에게 성폭행 당했다"" 주장한 30대 지적장애 여성…경찰 수사",https://n.news.naver.com/article/029/0002915637?ntype=RANKING
176,너도나도 脫코리아… 한국장 투자 줄초상,https://n.news.naver.com/article/029/0002915624?ntype=RANKING
177,"""이런 지연 처음"" 재판장, `이재명 재판`에 경고…내년초 재판 본격화될 듯",https://n.news.naver.com/article/029/0002915605?ntype=RANKING
178,"김호중 실형 선고, 김천시 2억 들인 `김호중 소리길` 철거될까",https://n.news.naver.com/article/029/0002915420?ntype=RANKING
179,"`징맨` 황철순, `연인 수차례 폭행` 2심서 형량 줄어…이유는",https://n.news.naver.com/article/029/0002915512?ntype=RANKING
180,KBS 박장범 '사장 임명 직전' 법원 효력정지 판단 나올까,https://n.news.naver.com/article/006/0000126967?ntype=RANKING
181,"오징어게임2 공개 앞둔 넷플릭스 ""광고 요금제 이용자 7000만 명""",https://n.news.naver.com/article/006/0000126968?ntype=RANKING
182,'명태균 단독'보다 '배아줄기세포' 톱으로 올린 KBS 뉴스,https://n.news.naver.com/article/006/0000126964?ntype=RANKING
183,"아시아경제, 배우 송재림 사망에 자살 도구 노출했다 삭제",https://n.news.naver.com/article/006/0000126953?ntype=RANKING
184,"[인터뷰] 김현 ""용산의 방송장악 상당 부분 실패로""",https://n.news.naver.com/article/006/0000126966?ntype=RANKING
185,"“아내가 죽었습니다” 대성통곡한 신입, 조문 안 와도 된다는 이유가",https://n.news.naver.com/article/014/0005267416?ntype=RANKING
186,"""너무 예쁘니 내딸 아냐"" 아내 불륜 의심했는데 정말 '남남'..알고보니 반전의 반전",https://n.news.naver.com/article/014/0005267279?ntype=RANKING
187,"""가계 빚은 늘면 안 되니까""… 예·적금 금리만 내린 은행들",https://n.news.naver.com/article/014/0005267642?ntype=RANKING
188,'미입주 공포' 아파트 이어 지식산업센터·오피스로 번졌다,https://n.news.naver.com/article/014/0005267537?ntype=RANKING
189,"""시간을 되돌릴 수 있다면..""...비극부른 40대 엄마 '후회의 눈물'",https://n.news.naver.com/article/014/0005267438?ntype=RANKING
190,“그냥 가세요” 12억 롤스로이스 박살 트럭기사 보낸 쿨한 언니,https://n.news.naver.com/article/021/0002671599?ntype=RANKING
191,못 생겼지만 1㎏에 2억원…‘땅 속의 다이아몬드’ 정체,https://n.news.naver.com/article/021/0002671604?ntype=RANKING
192,"[속보]‘북한강 토막살인’ 군 장교는 38세 양광준…경찰, 머그샷 공개",https://n.news.naver.com/article/021/0002671426?ntype=RANKING
193,육군 소령 출신 폭스뉴스 진행자 美 국방장관 된다,https://n.news.naver.com/article/021/0002671534?ntype=RANKING
194,지적장애女 성폭행 혐의로 입건된 중앙경찰학교 교수…의문의 행적,https://n.news.naver.com/article/021/0002671611?ntype=RANKING
195,고양이 구조요청했더니.. 작업도구로 오히려 죽인 용역업체,https://n.news.naver.com/article/659/0000027064?ntype=RANKING
196,설치만 해도 '4만 원'.. 사업자는 '선거 캠프 관계자',https://n.news.naver.com/article/659/0000027076?ntype=RANKING
197,예금 보호한도 '5000만→1억 원' 여야 합의,https://n.news.naver.com/article/659/0000027066?ntype=RANKING
198,고위간부 줄줄이 '대기발령'.. 올림픽은 밀실추진?,https://n.news.naver.com/article/659/0000027078?ntype=RANKING
199,"""20돈 팔 수 있나요?"".. 계획 범죄 벌인 '금은방 강도' 붙잡혀",https://n.news.naver.com/article/659/0000027080?ntype=RANKING
200,삼성전자 “큰일 나겠네”…비트코인 “큰일 내겠네”…'4만전자' 코앞…비트코인 '10만달러' 눈앞,https://n.news.naver.com/article/011/0004414683?ntype=RANKING
201,"""땡큐, 로제""… '아파트' 흥행에 수백억 잭팟 터진 '이 기업'",https://n.news.naver.com/article/011/0004414770?ntype=RANKING
202,"""통풍 걱정에 '치맥' 꾹 참았는데""…진짜 원인은 식습관 아닌 '이것'이라고?",https://n.news.naver.com/article/011/0004414833?ntype=RANKING
203,"강남 집값 왜 이러나 했는데…""비트코인 뛰면 강남 아파트도 비싸져"" 연구 결과",https://n.news.naver.com/article/011/0004414850?ntype=RANKING
204,"캠퍼스서 '속옷 시위' 벌인 이란 여대생, 벽화까지 등장했다…무슨 일?",https://n.news.naver.com/article/011/0004414856?ntype=RANKING
205,언제는 몸에 좋다면서… ‘이렇게’ 먹으면 오히려 살찌는 간식들,https://n.news.naver.com/article/346/0000083081?ntype=RANKING
206,"‘48kg’ 이지아, 매끈한 각선미 공개… 식단 관리할 때 ‘이것’ 절대 안 먹어",https://n.news.naver.com/article/346/0000083031?ntype=RANKING
207,"“30kg 빼고 몰라보게 달라졌다”… 30대 여성, 아침에 ‘이것’ 먹은 게 비결?",https://n.news.naver.com/article/346/0000083055?ntype=RANKING
208,"""다이어트 위해 '이 음식' 네 달 참았다""… 브브걸 출신 유정, 실제 부기 유발 주범?",https://n.news.naver.com/article/346/0000083052?ntype=RANKING
209,"‘11kg 감량 성공’ 신봉선, 요요 없는 비결은… ‘이 음식’ 덕분?",https://n.news.naver.com/article/346/0000083090?ntype=RANKING
210,“술·담배·마약·문신 절대 안 돼”…트럼프 14년 전 아들 훈육 영상 재조명,https://n.news.naver.com/article/022/0003985553?ntype=RANKING
211,"[단독] ‘내연관계 女군무원 살해’ 양광준, 잔혹한 시신 훼손 어느 정도길래…",https://n.news.naver.com/article/022/0003985410?ntype=RANKING
212,[단독] '여직원 유사강간 혐의' 유명 외식 프랜차이즈 회장 입건,https://n.news.naver.com/article/022/0003985418?ntype=RANKING
213,“한번 할까요?” 귀 깨물고 얼굴에 주먹질…돌변한 승객에 택시기사 뇌진탕,https://n.news.naver.com/article/022/0003985352?ntype=RANKING
214,'상품권깡'으로 의사 골프 접대…차 수리까지 해준 제약사는? [수민이가 화났어요],https://n.news.naver.com/article/022/0003985554?ntype=RANKING
215,"봉지욱 “명태균도 구속 원할 것, 용산과 ‘확실한 거래’ 있었을 것” [김은지의 뉴스IN]",https://n.news.naver.com/article/308/0000035710?ntype=RANKING
216,"북한군 러 파병, ‘강 건너 불’이 ‘발등의 불’이 되기까지",https://n.news.naver.com/article/308/0000035708?ntype=RANKING
217,"우크라이나-러시아 SNS 속 ‘파병 북한군’ 모습, 진짜일까?",https://n.news.naver.com/article/308/0000035707?ntype=RANKING
218,"위고비 상륙, 누구나 날씬해지는 세상이 열린다?",https://n.news.naver.com/article/308/0000035706?ntype=RANKING
219,“노 모어 히바쿠샤” 노벨평화상 받은 일본 피단협의 외침,https://n.news.naver.com/article/308/0000035704?ntype=RANKING
220,"[단독]“돌아갈 수도”…민주, 靑 리모델링 예산 전액 삭감키로",https://n.news.naver.com/article/449/0000290905?ntype=RANKING
221,‘북한강 시신 훼손’ 피의자 육사 출신 소령 38살 양광준,https://n.news.naver.com/article/449/0000290894?ntype=RANKING
222,[단독]이준석 첫 입장…“당시 당 기류 전했을 뿐”,https://n.news.naver.com/article/449/0000290883?ntype=RANKING
223,강물 떠가는 수상한 식물 덩이…건져보니 담배 밀수범,https://n.news.naver.com/article/449/0000290899?ntype=RANKING
224,[단독]명태균 “김 여사가 애 과자 사주라고”…대가성 부인,https://n.news.naver.com/article/449/0000290881?ntype=RANKING
225,“이게 무슨 일” 사상 첫 11월 태풍 4개 동시 발생… 한국 오나,https://n.news.naver.com/article/030/0003257219?ntype=RANKING
226,"'슈퍼을' 日 미쓰이금속, 동박 가격 10% 인상…국내 CCL·PCB 연쇄 타격 우려",https://n.news.naver.com/article/030/0003257097?ntype=RANKING
227,“술 다 가져와”…손님과 식당 주인의 기싸움 [숏폼],https://n.news.naver.com/article/030/0003257297?ntype=RANKING
228,"“여긴 어디?”… '남극' 황제펭귄, 3500km 떨어진 호주 해안서 발견",https://n.news.naver.com/article/030/0003257292?ntype=RANKING
229,'갱단 장악' 아이티서 美여객기 총탄 맞아… 이웃 국가에 착륙,https://n.news.naver.com/article/030/0003257295?ntype=RANKING
230,"""생각보다 안 팔리네""…中 업체, 폴더블폰 철수 고민",https://n.news.naver.com/article/092/0002352272?ntype=RANKING
231,"""스펙과 학벌 위주 개발자 채용, 프로그래머스가 바꾼다""",https://n.news.naver.com/article/092/0002352227?ntype=RANKING
232,"""탈모 예방하는 쿨링헬멧""…다이슨 어워드 우승작 발표",https://n.news.naver.com/article/092/0002352355?ntype=RANKING
233,"머스크 美 'DOGE' 수장되자 도지코인, 20% 폭등",https://n.news.naver.com/article/092/0002352334?ntype=RANKING
234,"갤럭시S25, 전작보다 2주 더 빨리 공개?",https://n.news.naver.com/article/092/0002352239?ntype=RANKING
235,"한식 인기 이정도인줄?…英 명문 요리학교, ‘된장·고추장’으로 경연",https://n.news.naver.com/article/662/0000056142?ntype=RANKING
236,"심방세동 환자, ‘이 수술’ 받으면 재발 감소",https://n.news.naver.com/article/662/0000056152?ntype=RANKING
237,"연대 수능시계, 서울대 초콜릿…명문대 굿즈로 ‘수능 대박’ 응원",https://n.news.naver.com/article/662/0000056151?ntype=RANKING
238,캠핑장서 ‘온천’ 즐긴다…이색 여행지 활성화될까,https://n.news.naver.com/article/662/0000056154?ntype=RANKING
239,대구 군위 한우농장서 럼피스킨 발생…인근 6곳 ‘일시이동중지’,https://n.news.naver.com/article/662/0000056161?ntype=RANKING
240,"고려아연, 유상증자 전격 철회… “시장 우려 수용”",https://n.news.naver.com/article/037/0000035279?ntype=RANKING
241,수천억대 전세사기 쳐도 HUG ‘악성임대인’ 목록에 없다,https://n.news.naver.com/article/037/0000035278?ntype=RANKING
242,美 빅테크 AI 투자 확대로 SMR·통신 수혜 전망,https://n.news.naver.com/article/037/0000035274?ntype=RANKING
243,달러 강세와 美 제조업 부진 직격탄 맞은 韓 증시,https://n.news.naver.com/article/037/0000035277?ntype=RANKING
244,"한화오션, 美 해군 함정 정비 사업 두 번째 수주",https://n.news.naver.com/article/037/0000035275?ntype=RANKING
245,시신훼손 장교는 육사 출신 양광준 소령…군인 피의자 신상공개 처음,https://n.news.naver.com/article/057/0001853489?ntype=RANKING
246,시속 159km 음주운전에 10대 참변…포르셰 운전자 징역 6년,https://n.news.naver.com/article/057/0001853491?ntype=RANKING
247,"명태균에게 건네진 '김 여사 돈봉투'…검찰, 여론조사 연관성 수사",https://n.news.naver.com/article/057/0001853480?ntype=RANKING
248,'남녀공학 전환 진통' 동덕여대 학생들 본관 점거…흉기 난동 예고까지,https://n.news.naver.com/article/057/0001853493?ntype=RANKING
249,"박단, 박형욱 비대위원장에 ""당선 축하, 이제 시작""",https://n.news.naver.com/article/057/0001853525?ntype=RANKING
250,"'한복은 중국 옷' 주장 中게임사 신작 예고에…서경덕, ""후속작 불허해야""",https://n.news.naver.com/article/138/0002186147?ntype=RANKING
251,만성 합병증으로 사망에 이를 수 있는 '이 질환'… 어떻게 관리해야 하나,https://n.news.naver.com/article/138/0002186165?ntype=RANKING
252,"“틱톡 구하려면 내게 투표하라”던 트럼프, 틱톡 금지법 뒤집을까",https://n.news.naver.com/article/138/0002186180?ntype=RANKING
253,"[DD퇴근길] 게임업계, 넥슨·크래프톤 양강 체제로…트럼프 2기, 가전시장은?",https://n.news.naver.com/article/138/0002186179?ntype=RANKING
254,수십수백억 과징금 제재 뒤 불복 행정소송…카카오 앞날은,https://n.news.naver.com/article/138/0002186178?ntype=RANKING
255,"차고 넘치는 탄핵 사유, 돌파구를 찾아라",https://n.news.naver.com/article/036/0000050696?ntype=RANKING
256,소 어디 있소,https://n.news.naver.com/article/036/0000050698?ntype=RANKING
257,‘명태균 국정농단’ 여기서 시작,https://n.news.naver.com/article/036/0000050694?ntype=RANKING
258,전 생애 차별이 쌓여 여성노인 절반 ‘빈곤’,https://n.news.naver.com/article/036/0000050690?ntype=RANKING
259,“40m 미만 어선 복원성 규제 기준 너무 낮다”,https://n.news.naver.com/article/036/0000050697?ntype=RANKING
260,"SK하이닉스, 최대 용량 기업용 SSD로 시장 장악 '속도'",https://n.news.naver.com/article/648/0000030666?ntype=RANKING
261,방배삼익 재건축 '아크로 리츠카운티' 이달 공급,https://n.news.naver.com/article/648/0000030662?ntype=RANKING
262,개포 재건축 '마지막 퍼즐' 6·7단지 누가 지을까?,https://n.news.naver.com/article/648/0000030630?ntype=RANKING
263,"의장 떠나는 최윤범, '개미' 다수결 카드 꺼냈다",https://n.news.naver.com/article/648/0000030665?ntype=RANKING
264,"에이비엘바이오, 주가상승에 '깜짝' 놀란 이유",https://n.news.naver.com/article/648/0000030648?ntype=RANKING
265,‘이천 모가면 골프장 타구 사망사고’ 골퍼·캐디 송치,https://n.news.naver.com/article/666/0000056741?ntype=RANKING
266,고양서 불법주차된 트럭 들이받은 30대 오토바이 운전자 숨져,https://n.news.naver.com/article/666/0000056721?ntype=RANKING
267,김건희·김혜경·김정숙 3김 여사…“누가 울고 누가 웃을까”,https://n.news.naver.com/article/666/0000056821?ntype=RANKING
268,음주운전 추격하다 사망사고 낸 혐의받는 유튜버 구속영장 기각,https://n.news.naver.com/article/666/0000056783?ntype=RANKING
269,"국정원 ""러 파병 북한군 이미 전투 참여중""...미국 블링컨 장관 ""단호 대응""",https://n.news.naver.com/article/666/0000056811?ntype=RANKING
270,"음주운전 쫓다 사망사고 연루 '사적제재' 유튜버, 구속영장 심사",https://n.news.naver.com/article/654/0000093126?ntype=RANKING
271,"문다혜, 제주 단독주택 불법숙박업 인정…이번 주 송치",https://n.news.naver.com/article/654/0000093132?ntype=RANKING
272,"[속보] 국정원 ""러시아 파병 북한군 전투 참여중""",https://n.news.naver.com/article/654/0000093157?ntype=RANKING
273,"[속보] 경찰, '화천 북한강 시신유기' 양광준 신상공개",https://n.news.naver.com/article/654/0000093103?ntype=RANKING
274,"""상급병원 없어 원정치료 가요""…연간 원정진료비 8540억원 지출",https://n.news.naver.com/article/654/0000093218?ntype=RANKING
275,여성 군무원 살해·유기한 양광준 신상공개,https://n.news.naver.com/article/310/0000120452?ntype=RANKING
276,"[현장] 동덕여대, 남녀공학 전환 논의 논란… 재학생들 “여자들이 만만하냐”",https://n.news.naver.com/article/310/0000120427?ntype=RANKING
277,반복되는 교제살인에 유족들 울분 “가해자 더 잔인해져… 국회는 입법 추진하라”,https://n.news.naver.com/article/310/0000120437?ntype=RANKING
278,“AI 덕분에 세계경제 7조달러 성장… 사기 범죄·IP 침해 등 악용 소지 커”,https://n.news.naver.com/article/310/0000120464?ntype=RANKING
279,"'음주 뺑소니' 김호중 징역 2년6개월...""무책임·죄질불량""",https://n.news.naver.com/article/310/0000120451?ntype=RANKING
280,[사이언스영상] 키 163cm에 체중 73kg은 비만이 아니다?,https://n.news.naver.com/article/584/0000029539?ntype=RANKING
281,"임현택 ""전공의 배후 밝힐 것…박단이 회장 해라""",https://n.news.naver.com/article/584/0000029549?ntype=RANKING
282,"퇴임 앞둔 이상률 항우연 원장 ""시원섭섭함보다 안타까움…우주청, 큰 그림 그렸으면""",https://n.news.naver.com/article/584/0000029553?ntype=RANKING
283,"[사이언스얼라이브2024] ""요즘 과학자들 장점? 버르장머리 없는 거죠""",https://n.news.naver.com/article/584/0000029547?ntype=RANKING
284,[르포] 세계적 화석 산지 캐나다가 '고생물학 선진국'이 된 이유,https://n.news.naver.com/article/584/0000029538?ntype=RANKING
285,"尹과 통했던 젤렌스키, 대통령 끝? 트럼프 취임일 휴전하고 선거 돌입하나",https://n.news.naver.com/article/002/0002359288?ntype=RANKING
286,"친윤계 ""물가 잡혔다…尹정부 경제 90점, 세계에선 슈퍼스타라 해""",https://n.news.naver.com/article/002/0002359304?ntype=RANKING
287,사장이 월급 80%를 깎으면 당신은 어떻게 하겠는가[내가 만드는 복지국가],https://n.news.naver.com/article/002/0002359305?ntype=RANKING
288,"'선고' 앞둔 이재명, 대권 지지율 46.9%…한동훈 17.0%",https://n.news.naver.com/article/002/0002359159?ntype=RANKING
289,"""尹, 트럼프와 골프? 연습장 가지 왜 필드에?""…용산 ""연습장 가면 국민들 제한많아""",https://n.news.naver.com/article/002/0002359301?ntype=RANKING
290,"""8분 일찍 출근했으니 8분 일찍 퇴근"" MZ 직원…지적하자 ""꼰대""",https://n.news.naver.com/article/088/0000914896?ntype=RANKING
291,"'여성 폭행' 황철순, 2심서 형량 줄었다…""범행 인정하고 반성""",https://n.news.naver.com/article/088/0000914881?ntype=RANKING
292,"""내 딸 만나지 말랬지"" 10대 딸 남친 흉기로 찌른 엄마",https://n.news.naver.com/article/088/0000914862?ntype=RANKING
293,"""패도 되냐?"" 동덕여대 남녀공학 반대 연대 글에 댓글단 주짓수 선수 결국 사과",https://n.news.naver.com/article/088/0000914893?ntype=RANKING
294,"유명 분식 프랜차이즈 업체 회장, 성폭력 혐의로 경찰 조사",https://n.news.naver.com/article/088/0000914860?ntype=RANKING
295,"[르포] ""尹, 대통령 어떤 자린지 모르는 듯""…탄핵다방 찾은 시민들",https://n.news.naver.com/article/629/0000338157?ntype=RANKING
296,식지 않는 '與 당원게시판' 논란…당내 갈등 재점화 우려,https://n.news.naver.com/article/629/0000337990?ntype=RANKING
297,美 10월 CPI 7개월 만 반등 '예상 부합'…연준 12월 '스몰컷' 가능성↑,https://n.news.naver.com/article/629/0000338147?ntype=RANKING
298,'공학 반대' 시위 전국 6개 여대로 확산…성신여대 15일 대규모 집회,https://n.news.naver.com/article/629/0000338056?ntype=RANKING
299,수능 52만명 '결전의 날' 밝았다…휴대전화·태블릿PC 안 돼요,https://n.news.naver.com/article/629/0000338156?ntype=RANKING
300,"""겨울 전에 준비"" 11월에 먹기 좋은 면역력 최강 음식 10",https://n.news.naver.com/article/123/0002346593?ntype=RANKING
301,"“10만 달러 우습다?” 연일 신고가 비트코인, 날개 달아",https://n.news.naver.com/article/123/0002346592?ntype=RANKING
302,"아내 죽었다 대성통곡…장례 안치르던 이상한 직원, 알고보니",https://n.news.naver.com/article/123/0002346589?ntype=RANKING
303,'남성호르몬'이 줄었다는 13가지 비상 신호들,https://n.news.naver.com/article/123/0002346595?ntype=RANKING
304,예금자 보호한도 5000만→1억원 올린다,https://n.news.naver.com/article/123/0002346596?ntype=RANKING
305,"""주식사기 당하고 우울감에""…동반자살 시도 자녀 사망케 한 40대母",https://n.news.naver.com/article/656/0000111108?ntype=RANKING
306,"""여행 제쳤다""… 수험생 수능 이후 버킷리스트 1위는?",https://n.news.naver.com/article/656/0000111054?ntype=RANKING
307,청주서 수억원대 집단 전세사기… 경찰 수사 중,https://n.news.naver.com/article/656/0000111123?ntype=RANKING
308,"""요즘 음식점·카페, 이용하기 난감하네"" 일상 곳곳 고령자 배려 부족",https://n.news.naver.com/article/656/0000111088?ntype=RANKING
309,"""금강의 풍경, '이응다리 달빛배'로 즐겨요""…세종시, 17일간 강에 배 띄운다",https://n.news.naver.com/article/656/0000111025?ntype=RANKING
310,"[어바웃 C]위메이드맥스 손면석 신임대표, 장현국 넘을까",https://n.news.naver.com/article/293/0000060527?ntype=RANKING
311,"이석우 두나무 대표 ""해외 진출할 국내 가상자산기업 육성할 때""",https://n.news.naver.com/article/293/0000060521?ntype=RANKING
312,"[단독] 두산로보틱스, 삼성전자 출신 R&D 전문가 영입",https://n.news.naver.com/article/293/0000060515?ntype=RANKING
313,"한화, 6개 계열사와 1330억 '브랜드 라이선스' 계약",https://n.news.naver.com/article/293/0000060513?ntype=RANKING
314,넷마블 '나혼렙' 게임대상 수상…우수 IP 확장 성공방식 입증,https://n.news.naver.com/article/293/0000060523?ntype=RANKING
315,백종원 “흑백요리사 시즌 2출격”…더본코리아 주가 반등할까,https://n.news.naver.com/article/243/0000067936?ntype=RANKING
316,머스크 입각 호재 겹친 비트코인 10만 달러 “간다” vs “안간다”,https://n.news.naver.com/article/243/0000067937?ntype=RANKING
317,"백종원, 연돈볼카츠 점주들과 상생간담회...""최근 매출 124% 성장""",https://n.news.naver.com/article/243/0000067899?ntype=RANKING
318,민희진 ‘어도어 사태’ 일파만파…내용증명 보낸 ‘뉴진스’ 작별하나,https://n.news.naver.com/article/243/0000067935?ntype=RANKING
319,"고현정 패딩 패션은…‘휠라’, 겨울 화보 공개",https://n.news.naver.com/article/243/0000067881?ntype=RANKING
320,"檢, “김건희 여사에게 돈봉투 받아” 명태균 진술 확보",https://n.news.naver.com/article/024/0000092881?ntype=RANKING
321,‘음주 뺑소니’김호중 징역 2년6개월 선고...“죄책감 가졌나 의문”,https://n.news.naver.com/article/024/0000092895?ntype=RANKING
322,“이게 1위라고?”…수능 끝나고 가장 하고 싶은 것은,https://n.news.naver.com/article/024/0000092896?ntype=RANKING
323,전기차 캐즘…에코프로 ‘반전카드’ 있나,https://n.news.naver.com/article/024/0000092901?ntype=RANKING
324,"한화·OCI, 태양광에 볕드나 했는데…",https://n.news.naver.com/article/024/0000092902?ntype=RANKING
325,"Suneung for all: Opportunity, redemption and the right to dream",https://n.news.naver.com/article/044/0000263162?ntype=RANKING
326,Samsung stocks fall to 4-year low,https://n.news.naver.com/article/044/0000263166?ntype=RANKING
327,BYD to enter Korean passenger car market early next year,https://n.news.naver.com/article/044/0000263160?ntype=RANKING
328,Will Samsung team up with foundry rival TSMC?,https://n.news.naver.com/article/044/0000263153?ntype=RANKING
329,Songwriter tied to pro-democracy movement posthumously awarded,https://n.news.naver.com/article/044/0000263161?ntype=RANKING
330,"트럼프, ‘정부효율부’ 수장에 일론 머스크 발탁",https://n.news.naver.com/article/050/0000082068?ntype=RANKING
331,“이러다 현대차도 따라잡힐라”...세계 자동차 시장 정복 나선 ‘중국’,https://n.news.naver.com/article/050/0000082057?ntype=RANKING
332,"""LG트윈스 여기서 따온 거였어?"" 트윈타워에 담긴 3가지 비밀",https://n.news.naver.com/article/050/0000082061?ntype=RANKING
333,"[속보] 코스피 2.64% 급락 2,417.08 마감···시총 2천조 아래로",https://n.news.naver.com/article/050/0000082085?ntype=RANKING
334,"최윤범, 유증 논란 사과…""고려아연 이사회 의장서 물러난다""",https://n.news.naver.com/article/050/0000082083?ntype=RANKING
335,"""나 집주인인데""…원룸 들어가 성폭행 시도 20대男, 구속",https://n.news.naver.com/article/031/0000884737?ntype=RANKING
336,"""요즘 MZ들이 취직하면 처음 하는 일""…'송부'? '재량'?",https://n.news.naver.com/article/031/0000884741?ntype=RANKING
337,"""조합장 구속""…상계2구역 소송전에 조합원 '눈물' [현장]",https://n.news.naver.com/article/031/0000884739?ntype=RANKING
338,"배현진 돌로 가격한 10대 ""심신상실이었다""…배현진 ""합의 없다""",https://n.news.naver.com/article/031/0000884731?ntype=RANKING
339,"밀리의서재, 3분기 영업익 31억원…누적 가입자 21% 증가",https://n.news.naver.com/article/031/0000884498?ntype=RANKING
340,"Planes to be grounded, businesses to open late as students take college entrance exam",https://n.news.naver.com/article/640/0000061497?ntype=RANKING
341,트럼프 승리에 숨죽인 한국 전기차·배터리 제조사,https://n.news.naver.com/article/640/0000061469?ntype=RANKING
342,"한국 대통령, 트럼프에 선거 승리 축하 메시지",https://n.news.naver.com/article/640/0000061409?ntype=RANKING
343,South Korea and U.S. confirm North's troops engaged in combat in Russia's Kursk region,https://n.news.naver.com/article/640/0000061501?ntype=RANKING
344,Dongduk Women's University student council demands halt to coed discussions,https://n.news.naver.com/article/640/0000061500?ntype=RANKING
345,"‘음주 뺑소니’ 김호중, 1심 징역 2년6개월 선고",https://n.news.naver.com/article/033/0000047946?ntype=RANKING
346,"전북 익산 교도소 세트장-그대를 향한 내 마음, 철컹철컹[정태겸의 풍경](75)",https://n.news.naver.com/article/033/0000047943?ntype=RANKING
347,"고려아연, 유상증자 철회···연말 주총서 ‘경영권 분쟁’ 판가름",https://n.news.naver.com/article/033/0000047945?ntype=RANKING
348,전 세계 ‘백일해’ 유행···한국에서도 생후 2개월 아기 사망,https://n.news.naver.com/article/033/0000047938?ntype=RANKING
349,늦더위에 늦어지는 단풍[렌즈로 본 세상],https://n.news.naver.com/article/033/0000047936?ntype=RANKING
350,"“19kg 빼려다가""...490만원 비만수술 받다 사망한 50대女, 무슨 일?",https://n.news.naver.com/article/296/0000083781?ntype=RANKING
351,"노사연 “절대 성형 안하지만""...관리에 수십억 썼다고? 뭐 받길래",https://n.news.naver.com/article/296/0000083795?ntype=RANKING
352,"60대男 '그곳' 10cm 잘라내...6개월 산다 했던 생식기암, 왜 걸렸나 보니",https://n.news.naver.com/article/296/0000083775?ntype=RANKING
353,미드 '그레이 아나토미' 작가 70kg뺐다...다이어트 없이 홀쭉해진 비결은?,https://n.news.naver.com/article/296/0000083797?ntype=RANKING
354,"“근육 당기듯 어깨 퉁퉁 붓더니""...점도 없었는데 피부암 말기, 왜?",https://n.news.naver.com/article/296/0000083748?ntype=RANKING
355,"대구서 '음주 운전 적발되자 자신의 차에 불 지른' 50대 남성, 경찰 조사",https://n.news.naver.com/article/657/0000031856?ntype=RANKING
356,"경북 경산 묘목 농가 ""겨울나기 준비해야 할 때인데···이를 어쩌나""",https://n.news.naver.com/article/657/0000031876?ntype=RANKING
357,"서울 평화시장에서 ""근로기준법 준수하라"" 외친 그날에···'대구 청년 전태일' 옛집 개관",https://n.news.naver.com/article/657/0000031874?ntype=RANKING
358,"""대통령 담화는 대국민 '담 와'""···경북대서 윤석열 대통령 '퇴진 투표' 시작",https://n.news.naver.com/article/657/0000031863?ntype=RANKING
359,"대학 수능시험 D-1일···수험생 예비 소집 ""끝까지 최선을""",https://n.news.naver.com/article/657/0000031875?ntype=RANKING
360,"사망 직전까지?… 송재림, '일본인 스토커' 괴롭힘 당했나",https://n.news.naver.com/article/417/0001038666?ntype=RANKING
361,"음주운전 생중계 중 사망… '사적제재' 유튜버, 구속기로",https://n.news.naver.com/article/417/0001038581?ntype=RANKING
362,"""돈 내놔라 진짜""… 걸그룹 출신도 '전세사기' 당했다",https://n.news.naver.com/article/417/0001038646?ntype=RANKING
363,'파죽지세' 비트코인… 연말 '10만달러' 찍을 가능성은?,https://n.news.naver.com/article/417/0001038667?ntype=RANKING
364,[단독] 홍현성 현대엔지니어링 대표 퇴임… 후임에 주우정,https://n.news.naver.com/article/417/0001038598?ntype=RANKING
365,답답해서 내가 던졌다… 윤 대통령에 돌직구 질문한 두 기자,https://n.news.naver.com/article/127/0000036633?ntype=RANKING
366,이진숙 탄핵심판 첫 변론… 위법 여부 공방,https://n.news.naver.com/article/127/0000036635?ntype=RANKING
367,경제지·일간지·방송·통신사 기자들의 '반도체 랩소디',https://n.news.naver.com/article/127/0000036636?ntype=RANKING
368,"'자사에 정정보도 청구' KBS 기자들, 사측 거부로 조정 불성립",https://n.news.naver.com/article/127/0000036628?ntype=RANKING
369,"대구MBC 전·현직 48명, 임금피크제 최종 승소",https://n.news.naver.com/article/127/0000036632?ntype=RANKING
370,"지지율 50%→17%, ‘2년 반’ 윤 대통령에게 무슨 일이…",https://n.news.naver.com/article/262/0000017878?ntype=RANKING
371,"연말 인사 삼성·SK ‘칼바람’, 현대차·LG ‘봄바람’",https://n.news.naver.com/article/262/0000017875?ntype=RANKING
372,우유가 심장질환 발병 높인다고? 우유자조금 “국내 상황과 안 맞는 해외 연구…푸드 포비아 양산 우려”,https://n.news.naver.com/article/262/0000017879?ntype=RANKING
373,범지구적 현상 ‘비혼’의 나비효과,https://n.news.naver.com/article/262/0000017877?ntype=RANKING
374,"미·중 바이오 갈등, K-바이오에는 기회다",https://n.news.naver.com/article/262/0000017874?ntype=RANKING
375,"""초보라서 용감하다"" 22시간 마라톤 산행 [초보 기자가 간다 불수사도북]",https://n.news.naver.com/article/094/0000012235?ntype=RANKING
376,다울라기리에서 러시아팀 5명 추락사,https://n.news.naver.com/article/094/0000012233?ntype=RANKING
377,"'사람은 산을 닮는다' 주민들처럼 반듯, 호방한 산 [경상도의 숨은 명산 월아산]",https://n.news.naver.com/article/094/0000012234?ntype=RANKING
378,강진만이 꼭꼭 숨겨둔 압도적인 명품조망 [전라도의 숨은 명산 여계산],https://n.news.naver.com/article/094/0000012231?ntype=RANKING
379,에베레스트 실종자 100년 만에 발견,https://n.news.naver.com/article/094/0000012230?ntype=RANKING
380,"""삼전은 바닥인데""… 국장버리고 코인으로 갈아탄 개미들",https://n.news.naver.com/article/053/0000046779?ntype=RANKING
381,"""간동훈 탄생""...한동훈 특검 반대에 野 맹비난",https://n.news.naver.com/article/053/0000046791?ntype=RANKING
382,"'탄핵' 임현택 반격...""박단의 행태와 배후 밝히겠다""",https://n.news.naver.com/article/053/0000046792?ntype=RANKING
383,"""1개 500원이면 괜찮네""… 도지코인, 비트코인 누른 이유가",https://n.news.naver.com/article/053/0000046780?ntype=RANKING
384,"'명태균 연루' 김종인 ""대통령은 친구도 가족도 지워야""",https://n.news.naver.com/article/053/0000046789?ntype=RANKING
385,교통지옥인데…그랜드호텔 개발 ‘찔끔 1차로 확장’,https://n.news.naver.com/article/658/0000088207?ntype=RANKING
386,철마에 반려문화공원 2026년 착공,https://n.news.naver.com/article/658/0000088188?ntype=RANKING
387,"창과 방패, 14일 野 '김건희 특검' 표결·與는 특감관 의총",https://n.news.naver.com/article/658/0000088182?ntype=RANKING
388,"法 ""이재명 15일 1심 선고 생중계 안한다"" 여야는 극한 대치",https://n.news.naver.com/article/658/0000088183?ntype=RANKING
389,민주 일부 포함 野5당 의원 41명 ‘탄핵 의원연대’ 결성,https://n.news.naver.com/article/658/0000088181?ntype=RANKING
390,"야생의 감각, 자연의 눈으로 세상을 봐",https://n.news.naver.com/article/007/0000007785?ntype=RANKING
391,"노인, 아이, 외국인이 ‘공생’하는 단지를 만들어요",https://n.news.naver.com/article/007/0000007784?ntype=RANKING
392,"얼마나 힘들었을까...송재림 괴롭히던 일본인 사생, 비보 소식에 돌연 잠적",https://n.news.naver.com/article/655/0000021906?ntype=RANKING
393,"배현진 돌로 15번 때린 중학생, '심신상실' 주장...""선처 없다""",https://n.news.naver.com/article/655/0000021902?ntype=RANKING
394,"중앙경찰학교 교수, SNS로 만난 여성 성범죄 의혹으로 '대기발령'",https://n.news.naver.com/article/655/0000021912?ntype=RANKING
395,'결전의 날' 하루 앞으로...킬러 문항 부재 속 난이도 관건,https://n.news.naver.com/article/655/0000021909?ntype=RANKING
396,법규 위반 차량에 고의로 '쿵'...보험사기범 183명 검거,https://n.news.naver.com/article/655/0000021908?ntype=RANKING
397,중고차 사기꾼 잡겠다면서 수출길 막은 '어리석음' [추적+],https://n.news.naver.com/article/665/0000003977?ntype=RANKING
398,세심한 규칙 하나로 공공예식장 '꿈의 숲' 되다 [視리즈],https://n.news.naver.com/article/665/0000003980?ntype=RANKING
399,일론 머스크는 어쩌다 '성조기'를 흔들었나 [마켓톡톡],https://n.news.naver.com/article/665/0000003979?ntype=RANKING
400,국민에게 복권 판 돈마저 '비효율적'으로 쓰는 정부 [추적+],https://n.news.naver.com/article/665/0000003978?ntype=RANKING
401,'MAGA 세력'이 이끌 극단적 행보 : 트럼프 2기 타임라인 [마켓톡톡],https://n.news.naver.com/article/665/0000003973?ntype=RANKING
402,제주 주민등록인구 67만명대 무너질 듯,https://n.news.naver.com/article/661/0000047050?ntype=RANKING
403,[자막뉴스] '재수생 우르르' 의대 증원 첫 수능 예비소집일 표정은,https://n.news.naver.com/article/661/0000047037?ntype=RANKING
404,"‘40만’ 쉬는 20대, 역대 최고치.. 청년 고용시장, 내수 침체에 “붕괴  위기”",https://n.news.naver.com/article/661/0000047036?ntype=RANKING
405,"일론 머스크, '도지 장관' 된다...美 트럼프 정부효율부 수장으로  합류",https://n.news.naver.com/article/661/0000047024?ntype=RANKING
406,물질하던 70대 해녀 숨져,https://n.news.naver.com/article/661/0000047038?ntype=RANKING
407,미국서 유행 중인 ‘호르몬 다이어트’…뭐지?,https://n.news.naver.com/article/145/0000021365?ntype=RANKING
408,"‘또 한 번의 전성기’ 고현정, 스타일리시 패딩룩 공개",https://n.news.naver.com/article/145/0000021366?ntype=RANKING
409,"제주관광공사, ‘고요한 명상, 제주의 위로’ 열어",https://n.news.naver.com/article/145/0000021369?ntype=RANKING
410,가을부터 겨울까지! 데님 하나로 완성하는 스타일링,https://n.news.naver.com/article/145/0000021367?ntype=RANKING
411,김장 전까지 ‘깍두기’로 버텨[펀펀(funfun)한 요리],https://n.news.naver.com/article/145/0000021364?ntype=RANKING
